{"cameraMode":{"drawMode":0,"name":"Shaded","section":"Shading Mode"},"sceneLighting":true,"audioPlay":false,"sceneViewState":{"m_AlwaysRefresh":false,"showFog":true,"showSkybox":true,"showFlares":true,"showImageEffects":true,"showParticleSystems":true,"showVisualEffectGraphs":true,"m_FxEnabled":true},"in2DMode":false,"pivot":{"x":0.2486581653356552,"y":-0.8737432956695557,"z":-4.145862102508545},"rotation":{"x":0.22894884645938874,"y":0.004380468744784594,"z":-0.0010302868904545904,"w":0.9734286665916443},"size":3.738776445388794,"orthographic":false}